<?xml version="1.0" encoding="UTF-8"?>
<site>
   <feature url="features/org.scala-ide.sdt.feature_4.4.1.v-2_11-201605041057-92a3ed3.jar" id="org.scala-ide.sdt.feature" version="4.4.1.v-2_11-201605041057-92a3ed3">
      <category name="sdt"/>
   </feature>
   <feature url="features/org.scala-ide.sbt.feature_4.4.1.201605041056.jar" id="org.scala-ide.sbt.feature" version="4.4.1.201605041056">
      <category name="sdt"/>
   </feature>
<!-- TODO enable back when multiple bundles of Scala are supported -->
<!--   <feature url="features/org.scala-ide.scala210.feature_0.0.0.jar" id="org.scala-ide.scala210.feature" version="0.0.0">
      <category name="sdt"/>
   </feature> -->
   <feature url="features/org.scala-ide.scala211.feature_4.4.1.201605041056.jar" id="org.scala-ide.scala211.feature" version="4.4.1.201605041056">
      <category name="sdt"/>
   </feature>
   <feature url="features/org.scala-ide.sdt.source.feature_4.4.1.v-2_11-201605041057-92a3ed3.jar" id="org.scala-ide.sdt.source.feature" version="4.4.1.v-2_11-201605041057-92a3ed3">
      <category name="sdt-source"/>
   </feature>
   <feature url="features/org.scala-ide.sbt.source.feature_4.4.1.201605041056.jar" id="org.scala-ide.sbt.source.feature" version="4.4.1.201605041056">
      <category name="sdt-source"/>
   </feature>
<!-- TODO enable back when multiple bundles of Scala are supported -->
<!--   <feature url="features/org.scala-ide.scala210.source.feature_0.0.0.jar" id="org.scala-ide.scala210.source.feature" version="0.0.0">
      <category name="sdt-source"/>
   </feature> -->
   <feature url="features/org.scala-ide.scala211.source.feature_4.4.1.201605041056.jar" id="org.scala-ide.scala211.source.feature" version="4.4.1.201605041056">
      <category name="sdt-source"/>
   </feature>
   <feature url="features/org.scala-ide.sdt.dev.feature_4.4.1.v-2_11-201605041057-92a3ed3.jar" id="org.scala-ide.sdt.dev.feature" version="4.4.1.v-2_11-201605041057-92a3ed3">
      <category name="dev"/>
   </feature>
   <category-def name="sdt" label="Scala IDE for Eclipse">
     <description>
       The Scala IDE for Eclipse provides the tools needed to build Scala programs on the Eclipse Platform.
     </description>
   </category-def>
   <category-def name="sdt-source" label="Scala IDE for Eclipse Source Feature">
     <description>
       The Scala IDE for Eclipse provides the tools needed to build Scala programs on the Eclipse Platform. This feature provides access (including, e.g. linking) to the IDE plugin's source.
     </description>
   </category-def>
   <category-def name="dev" label="Scala IDE for Eclipse Development Support">
     <description>
       The Scala IDE for Eclipse Development support provides tools used to develop Scala-based Eclipse plugins.
     </description>
   </category-def>
</site>
